{"stat.mineBlock.1":488,"achievement.openInventory":282,"stat.mineBlock.73":12,"stat.mineBlock.97":5,"stat.damageDealt":100000302,"stat.useItem.3":7,"achievement.exploreAllBiomes":{"value":0,"progress":["Extreme Hills"]},"stat.mineBlock.31":3,"stat.useItem.404":2,"stat.mineBlock.123":4,"stat.flyOneCm":529056,"stat.useItem.78":16,"stat.useItem.38":10,"stat.drop":7413,"stat.killEntity.Chicken":1,"stat.useItem.18":52,"stat.mineBlock.38":10,"stat.damageTaken":1570,"stat.useItem.4":26,"stat.useItem.76":1,"stat.useItem.356":4,"stat.useItem.54":1,"stat.mineBlock.13":19,"stat.playOneMinute":207643,"stat.mineBlock.15":1,"stat.useItem.123":4,"stat.mineBlock.18":36,"stat.mineBlock.3":60,"stat.deaths":1,"stat.jump":2349,"stat.useItem.1":49,"stat.useItem.331":9,"stat.useItem.13":2,"stat.mobKills":9,"stat.useItem.137":2,"stat.craftItem.265":64,"stat.walkOneCm":983857,"stat.killEntity.Silverfish":8}